protein,inter_chain,mutation,exp-ddg
1A22,A_B,A:C171A,1.01037276
1A22,A_B,B:C67A,0
1A22,A_B,B:C81A,0
1A22,A_B,A:D160A,0.79092403
1A22,A_B,B:D119A,1.486533659
1A22,A_B,B:D85A,0.993924797
1A22,A_B,A:E163A,-0.924608854
1A22,A_B,A:E56A,0.410656422
1A22,A_B,A:E65A,-0.473077469
1A22,A_B,B:E12A,1.692721881
1A22,A_B,B:E34A,-0.094238194
1A22,A_B,B:E79A,-0.18216992
1A22,A_B,B:E86A,0.970688408
1A22,A_B,A:F165A,0.410656422
1A22,A_B,A:F25A,-0.447314628
1A22,A_B,A:H18A,-0.486391557
1A22,A_B,A:H21A,0.155438229
1A22,A_B,A:I168A,0.806313259
1A22,A_B,B:I120A,2.130757194
1A22,A_B,B:I62A,1.607864515
1A22,A_B,B:I64A,1.941550898
1A22,A_B,A:K157A,-0.154846073
1A22,A_B,A:K161A,2.015046136
1A22,A_B,B:K122A,-0.017686447
1A22,A_B,B:K80A,0.081285077
1A22,A_B,A:L45A,1.224516942
1A22,A_B,A:N63A,0.31437176
1A22,A_B,B:N173A,0.295628306
1A22,A_B,A:P48A,0.410656422
1A22,A_B,A:P61A,1.209325033
1A22,A_B,B:P65A,3.305722004
1A22,A_B,A:Q22A,-0.219837414
1A22,A_B,A:Q46A,0.108016768
1A22,A_B,A:Q68A,0.588453983
1A22,A_B,B:Q121A,0.017173724
1A22,A_B,B:Q33A,0
1A22,A_B,A:R156A,0.278454583
1A22,A_B,A:R167A,2.425702558
1A22,A_B,A:R64A,1.642625689
1A22,A_B,B:R11A,2.11624744
1A22,A_B,B:R11L,0.521570272
1A22,A_B,B:R11M,1.000399746
1A22,A_B,B:R172A,0.274082223
1A22,A_B,B:R30A,0.535846914
1A22,A_B,A:S51A,0.348235376
1A22,A_B,A:S62A,0.155438229
1A22,A_B,B:S174A,0.033863616
1A22,A_B,B:S57A,-0.054726757
1A22,A_B,B:S61A,-0.18216992
1A22,A_B,B:S83A,0.274082223
1A22,A_B,A:T164A,1.907029368
1A22,A_B,B:T32A,0.110913849
1A22,A_B,B:T60A,1.761612438
1A22,A_B,B:V126A,-0.617011414
1A22,A_B,B:W35A,0.514300831
1A22,A_B,B:W63F,2.784808917
1A22,A_B,A:Y153A,0.348235376
1A22,A_B,A:Y42A,0.199343644
1A4Y,A_B,A:D435A,3.485543704
1A4Y,A_B,A:E344A,0.178609696
1A4Y,A_B,A:E401A,0.883733891
1A4Y,A_B,B:E108A,-0.322724696
1A4Y,A_B,B:H114A,0.656829371
1A4Y,A_B,B:H13A,-0.296685313
1A4Y,A_B,B:H84A,0.170437815
1A4Y,A_B,B:H8A,0.904115084
1A4Y,A_B,A:I459A,0.679432461
1A4Y,A_B,A:K320A,-0.309999401
1A4Y,A_B,B:K40G,3.23680046
1A4Y,A_B,B:K40Q,4.25242773
1A4Y,A_B,B:N68A,0.117809586
1A4Y,A_B,B:Q12A,0.300265094
1A4Y,A_B,B:R31A,0.25052238
1A4Y,A_B,B:R32A,0.910250798
1A4Y,A_B,B:R5A,2.309282075
1A4Y,A_B,A:S289A,0.042336005
1A4Y,A_B,A:W261A,0.100657021
1A4Y,A_B,A:W263A,1.171373959
1A4Y,A_B,A:W318A,1.500745305
1A4Y,A_B,A:W375A,1.035362126
1A4Y,A_B,B:W89A,0.240218608
1A4Y,A_B,A:Y434A,3.262014988
1A4Y,A_B,A:Y434F,0.557857847
1A4Y,A_B,A:Y437A,0.83631243
1A4Y,A_B,A:Y437F,0.245260783
1ACB,E_I,I:L38D,6.866745711
1ACB,E_I,I:L38E,6.646428125
1ACB,E_I,I:L38G,6.118068856
1ACB,E_I,I:L38I,4.290150426
1ACB,E_I,I:L38P,6.949067779
1ACB,E_I,I:L38S,5.020848049
1AK4,A_D,D:A88G,4.01901808
1AK4,A_D,D:A88V,2.133933887
1AK4,A_D,D:A92G,1.945265343
1AK4,A_D,D:A92V,1.723277465
1AK4,A_D,D:G89A,3.441638288
1AK4,A_D,D:G89V,4.395152972
1AK4,A_D,D:H87A,2.374152495
1AK4,A_D,D:H87Q,2.337112186
1AK4,A_D,D:H87R,3.009874474
1AK4,A_D,D:I91A,1.604389714
1AK4,A_D,D:I91V,1.364171106
1AK4,A_D,D:P85A,2.44988763
1AK4,A_D,D:P90A,3.537181922
1AK4,A_D,D:P93A,2.047078368
1AK4,A_D,D:V86A,2.355921765
1B2S,A_D,A:A27K,-3.866295302
1B2S,A_D,D:A43T,-4.168248453
1B2U,A_D,A:A27K,-5.046028002
1B2U,A_D,D:A36D,-4.168248453
1B3S,A_D,A:A102H,-5.681903446
1B3S,A_D,D:F30Y,0.596093822
1BRS,A_D,D:D35A,4.50316974
1BRS,A_D,D:D39A,7.650989163
1BRS,A_D,A:E58A,-0.325876043
1BRS,A_D,A:E71A,2.347719026
1BRS,A_D,A:E71C,2.52876154
1BRS,A_D,A:E71F,2.235179702
1BRS,A_D,A:E71Q,1.452102833
1BRS,A_D,A:E71S,3.010488096
1BRS,A_D,A:E71W,1.657254876
1BRS,A_D,A:E71Y,2.413733424
1BRS,A_D,D:E74A,1.364171106
1BRS,A_D,A:H100A,6.145795429
1BRS,A_D,A:H100D,4.550591201
1BRS,A_D,A:H100G,6.82085553
1BRS,A_D,A:H100L,7.666353446
1BRS,A_D,A:H100Q,4.550591201
1BRS,A_D,A:K25A,5.38094929
1BRS,A_D,A:N56A,3.066362645
1BRS,A_D,A:R57A,5.245371646
1BRS,A_D,A:R57K,2.488123605
1BRS,A_D,A:R81Q,5.420026219
1BRS,A_D,A:R85A,5.564701192
1BRS,A_D,D:T42A,1.857629768
1BRS,A_D,A:W33F,1.408076521
1BRS,A_D,D:W38F,1.642625689
1BRS,A_D,D:W44F,0.056466705
1BRS,A_D,D:Y29A,3.470544118
1BRS,A_D,D:Y29F,-0.13220184
1CSE,E_I,I:L38D,4.411842864
1CSE,E_I,I:L38E,2.382745825
1CSE,E_I,I:L38G,2.280577222
1CSE,E_I,I:L38I,2.98250151
1CSE,E_I,I:L38P,6.765445832
1CSE,E_I,I:L38S,1.188775505
1CSO,E_I,I:I13L,-4.481255789
1CT0,E_I,I:S13L,-4.158234941
1CT2,E_I,I:T13L,-3.204720258
1CT4,E_I,I:V13L,-3.040177536
1.00E+96,A_B,A:I33N,2.043041201
1.00E+96,A_B,A:N26H,1.104526103
1EAW,A_B,A:D47A,1.502775331
1EAW,A_B,A:D91A,0.654440449
1EAW,A_B,A:F50A,-0.428812654
1EAW,A_B,A:F92A,0.892020068
1EAW,A_B,A:H138A,-0.014480199
1EAW,A_B,A:I26A,-0.822506101
1EAW,A_B,A:Q23A,-0.518911649
1EAW,A_B,A:R48A,0.587614534
1EAW,A_B,A:Y141A,0.502153568
1EAW,A_B,A:Y52A,-0.078940669
1EFN,A_B,A:I12A,1.451026625
1EFN,A_B,A:T13H,1.243548501
1EMV,A_B,A:C21A,0.921969866
1EMV,A_B,A:D49A,5.918128521
1EMV,A_B,A:E28A,1.416634742
1EMV,A_B,A:E39A,2.08401368
1EMV,A_B,B:F86A,3.880681073
1EMV,A_B,A:G47A,1.486043509
1EMV,A_B,A:I51A,0.848125202
1EMV,A_B,B:K97A,1.96051476
1EMV,A_B,A:L31A,3.419278956
1EMV,A_B,A:N22A,0.13947128
1EMV,A_B,B:N72A,1.165190818
1EMV,A_B,B:N75A,2.335586003
1EMV,A_B,A:P45A,0.43746878
1EMV,A_B,A:P54A,1.24284025
1EMV,A_B,B:Q92A,-0.277728093
1EMV,A_B,B:R54A,1.666447181
1EMV,A_B,A:S26A,0.173174318
1EMV,A_B,A:S27A,0.956433173
1EMV,A_B,A:S46A,0.007269441
1EMV,A_B,A:S48A,2.188220454
1EMV,A_B,B:S74A,-0.241127974
1EMV,A_B,B:S77A,-0.232993494
1EMV,A_B,B:S78A,-0.540138508
1EMV,A_B,B:S84A,-0.109472425
1EMV,A_B,A:T25A,0.728460209
1EMV,A_B,A:T36A,0.899966467
1EMV,A_B,B:T87A,0.158505768
1EMV,A_B,A:V32A,2.579450481
1EMV,A_B,A:V35A,1.66461242
1EMV,A_B,B:V98A,1.089340094
1EMV,A_B,A:Y52A,4.836801325
1EMV,A_B,A:Y53A,4.636832621
1F47,A_B,A:D4A,0.691506136
1F47,A_B,A:D7A,1.733658617
1F47,A_B,A:D7G,1.139341727
1F47,A_B,A:D7S,2.064861345
1F47,A_B,A:F11A,2.445482762
1F47,A_B,A:I8A,2.516245249
1F47,A_B,A:L12A,2.295326458
1F47,A_B,A:L6A,0.925431133
1F47,A_B,A:Q15A,-0.045595721
1F47,A_B,A:Y5A,0.869366929
1FC2,C_D,C:I27A,5.276767176
1FC2,C_D,C:K31A,1.526620683
1FC2,C_D,C:L13D,1.433951899
1FC2,C_D,C:N24A,0.605702337
1FC2,C_D,C:Y10W,0.410656422
1FCC,A_C,C:D40A,0.27225084
1FCC,A_C,C:E42A,0.385441894
1FCC,A_C,C:K28A,1.256154338
1FCC,A_C,C:K31A,3.477555466
1FCC,A_C,C:N35A,2.365107251
1FCC,A_C,C:T25A,0.240218608
1FCC,A_C,C:W43A,3.773183772
1FFW,A_B,A:A89V,0.091326876
1FFW,A_B,B:C55A,0.20430143
1FFW,A_B,B:D49A,0.096284662
1FFW,A_B,B:E13A,0.716770878
1FFW,A_B,B:E20A,0.639142924
1FFW,A_B,B:F56A,3.645939719
1FFW,A_B,B:H23A,0.033863616
1FFW,A_B,B:I58A,0.427830146
1FFW,A_B,A:Y105W,0.713296076
1GC1,G_C,C:D63A,-0.319329546
1GC1,G_C,C:E85A,1.323296143
1GC1,G_C,C:H27A,0.282554613
1GC1,G_C,C:K29A,0.536238618
1GC1,G_C,C:K35A,0.32206605
1GC1,G_C,C:K46A,1.431018963
1GC1,G_C,C:L44A,1.056020231
1GC1,G_C,C:N32A,0.182653752
1GC1,G_C,C:N52A,0.70833829
1GC1,G_C,C:Q25A,0.032032232
1GC1,G_C,C:Q33A,0.105267566
1GC1,G_C,C:Q40A,-0.410656422
1GC1,G_C,C:Q64A,0.442688655
1GC1,G_C,C:R59A,1.175913844
1GC1,G_C,C:S23A,0.292682244
1GC1,G_C,C:S42A,0
1GC1,G_C,C:S60A,-0.088590372
1GC1,G_C,C:T45A,-0.148891732
1GL0,E_I,I:M28K,-0.569589953
1GL1,A_I,I:L29V,4.259236688
1H9D,A_B,B:G60A,2.077467182
1H9D,A_B,B:L93A,0.940200596
1H9D,A_B,B:N94A,2.304371702
1H9D,A_B,B:Q66A,1.364171106
1H9D,A_B,B:R2A,1.162188473
1H9D,A_B,B:V3A,1.402407081
1HE8,A_B,A:K80V,0.475351759
1IAR,A_B,A:E9Q,3.112829308
1IAR,A_B,A:F82A,-0.086470685
1IAR,A_B,A:F82D,-0.580606822
1IAR,A_B,A:I5A,1.171373959
1IAR,A_B,A:I5R,0.796098316
1IAR,A_B,A:K12E,0.13947128
1IAR,A_B,A:K12S,-0.014812071
1IAR,A_B,A:N89A,1.558793992
1IAR,A_B,A:Q78A,0.124842093
1IAR,A_B,A:Q78E,0.245074799
1IAR,A_B,A:Q8A,-0.022359332
1IAR,A_B,A:Q8R,0.038921287
1IAR,A_B,A:R53Q,0.835763609
1IAR,A_B,A:R81A,0.479623966
1IAR,A_B,A:R81E,1.461734376
1IAR,A_B,A:R85A,0.426888999
1IAR,A_B,A:R85E,1.22460952
1IAR,A_B,A:R88A,3.754717895
1IAR,A_B,A:R88Q,2.828999234
1IAR,A_B,A:T13A,0.978576813
1IAR,A_B,A:T13D,-0.218672525
1IAR,A_B,A:T6A,-0.103644409
1IAR,A_B,A:T6D,1.392728537
1IAR,A_B,A:W91A,0.729528653
1IAR,A_B,A:W91D,1.306606251
1JCK,A_B,B:F176A,2.133933887
1JCK,A_B,B:K103A,0.676637871
1JCK,A_B,B:N60A,1.642625689
1JCK,A_B,B:T20A,1.654841626
1JCK,A_B,B:V91A,2.232905411
1JCK,A_B,B:Y26A,1.774827528
1JCK,A_B,B:Y90A,2.596140373
1JTG,A_B,B:D163A,-1.340934717
1JTG,A_B,B:D163K,-1.982764502
1JTG,A_B,B:D49A,2.561484179
1JTG,A_B,A:E143A,-0.07258199
1JTG,A_B,A:E79A,1.552952553
1JTG,A_B,A:E79K,4.235390257
1JTG,A_B,A:E85A,4.061928361
1JTG,A_B,B:F142A,3.379217242
1JTG,A_B,B:F36A,3.201419681
1JTG,A_B,A:G212S,-1.631950589
1JTG,A_B,B:H148A,2.747888793
1JTG,A_B,B:H41A,3.249700391
1JTG,A_B,A:K208A,1.417237223
1JTG,A_B,B:K74A,3.559508955
1JTG,A_B,A:M104A,0.738821032
1JTG,A_B,A:N75A,-0.455805179
1JTG,A_B,A:P82A,-0.382756906
1JTG,A_B,A:Q74A,0.429601834
1JTG,A_B,A:R217A,1.339371289
1JTG,A_B,B:R160A,2.222204255
1JTG,A_B,A:S105A,0.791973143
1JTG,A_B,A:S209A,1.239082656
1JTG,A_B,B:S113A,-0.16837136
1JTG,A_B,B:S71A,0.358089274
1JTG,A_B,B:T140K,-0.014392254
1JTG,A_B,A:V190A,-0.406941977
1JTG,A_B,A:V78A,1.910743813
1JTG,A_B,B:W112A,3.010511239
1JTG,A_B,B:W150A,4.25356184
1JTG,A_B,B:W162A,2.34082663
1JTG,A_B,A:Y80A,-0.16837136
1JTG,A_B,B:Y143A,0.382029985
1JTG,A_B,B:Y50A,-0.406941977
1JTG,A_B,B:Y53A,2.077467182
1KAC,A_B,A:P15S,-0.793380642
1KAC,A_B,A:S87Y,-1.252759188
1KTZ,A_B,B:D8A,1.968190114
1KTZ,A_B,B:D8N,2.446917939
1KTZ,A_B,B:D94A,1.261315745
1KTZ,A_B,B:E31A,1.663096316
1KTZ,A_B,B:E95A,1.94085184
1KTZ,A_B,B:E95Q,2.073752738
1KTZ,A_B,B:F6A,3.426638703
1KTZ,A_B,B:I26A,2.343054582
1KTZ,A_B,B:I29A,1.816812299
1KTZ,A_B,B:L3A,2.27149732
1KTZ,A_B,A:R13A,1.481581421
1KTZ,A_B,A:R13K,1.151697795
1KTZ,A_B,A:R64A,2.884404403
1KTZ,A_B,A:R64K,2.201497141
1KTZ,A_B,B:S25A,0.773119459
1KTZ,A_B,B:S28A,0.663090967
1KTZ,A_B,B:S28L,4.484360161
1KTZ,A_B,B:T27A,1.960120269
1KTZ,A_B,A:V62I,0.24291771
1KTZ,A_B,B:V53A,0.861570349
1LFD,A_B,A:D38A,-0.579061809
1LFD,A_B,A:D38K,-1.086480485
1LFD,A_B,A:D43A,-0.279677394
1LFD,A_B,A:K19A,1.326342175
1LFD,A_B,A:K39A,1.179307661
1LFD,A_B,A:M17K,-0.920839879
1LFD,A_B,A:N14K,0.402972112
1LFD,A_B,A:N41K,-1.168327927
1LFD,A_B,A:R7A,1.136043775
1M9E,A_D,D:A76H,-2.374152495
1MAH,A_F,A:D71N,1.734871808
1MAH,A_F,A:W276R,8.131130226
1MAH,A_F,A:Y121Q,2.772983136
1MAH,A_F,A:Y69N,4.816024337
1P69,A_B,A:S15P,0
1P6A,A_B,A:Y87S,0
1PPF,E_I,I:A15C,-0.673706956
1PPF,E_I,I:A15D,1.138229141
1PPF,E_I,I:A15E,0.105603518
1PPF,E_I,I:A15F,-0.072950204
1PPF,E_I,I:A15G,1.138229141
1PPF,E_I,I:A15H,0.552887918
1PPF,E_I,I:A15I,0.329477586
1PPF,E_I,I:A15K,1.127554041
1PPF,E_I,I:A15L,0.017792688
1PPF,E_I,I:A15M,-0.401337566
1PPF,E_I,I:A15N,0.915471345
1PPF,E_I,I:A15P,1.995459162
1PPF,E_I,I:A15Q,0.249774492
1PPF,E_I,I:A15R,-0.26417794
1PPF,E_I,I:A15S,0.756478548
1PPF,E_I,I:A15T,0.96283354
1PPF,E_I,I:A15V,0.208052563
1PPF,E_I,I:A15W,-0.640845373
1PPF,E_I,I:A15Y,-0.185067002
1PPF,E_I,I:E19A,1.203289176
1PPF,E_I,I:E19C,1.40263282
1PPF,E_I,I:E19D,0.577924826
1PPF,E_I,I:E19F,1.364171106
1PPF,E_I,I:E19G,2.120649654
1PPF,E_I,I:E19H,0.69046415
1PPF,E_I,I:E19I,0.723325733
1PPF,E_I,I:E19K,2.120649654
1PPF,E_I,I:E19L,1.071087336
1PPF,E_I,I:E19M,1.14871529
1PPF,E_I,I:E19N,1.212693373
1PPF,E_I,I:E19P,3.210382817
1PPF,E_I,I:E19Q,0.660430914
1PPF,E_I,I:E19R,1.469774624
1PPF,E_I,I:E19S,1.846211711
1PPF,E_I,I:E19T,1.504980148
1PPF,E_I,I:E19V,1.159019063
1PPF,E_I,I:E19W,1.530075984
1PPF,E_I,I:E19Y,1.248884897
1PPF,E_I,I:G32A,0.235382238
1PPF,E_I,I:G32C,1.179104104
1PPF,E_I,I:G32D,2.49708674
1PPF,E_I,I:G32E,1.457558687
1PPF,E_I,I:G32F,1.481743758
1PPF,E_I,I:G32H,1.504980148
1PPF,E_I,I:G32I,4.372321046
1PPF,E_I,I:G32K,3.306267038
1PPF,E_I,I:G32L,3.12989781
1PPF,E_I,I:G32M,2.195335987
1PPF,E_I,I:G32N,1.613945598
1PPF,E_I,I:G32P,0.263825395
1PPF,E_I,I:G32Q,2.799726395
1PPF,E_I,I:G32R,4.848991866
1PPF,E_I,I:G32S,0.915471345
1PPF,E_I,I:G32T,2.812399648
1PPF,E_I,I:G32V,2.553068028
1PPF,E_I,I:G32W,1.643978834
1PPF,E_I,I:G32Y,1.203289176
1PPF,E_I,I:L18A,1.071087336
1PPF,E_I,I:L18C,-0.089523368
1PPF,E_I,I:L18D,7.613488284
1PPF,E_I,I:L18E,7.056237769
1PPF,E_I,I:L18F,5.169495748
1PPF,E_I,I:L18G,3.332898577
1PPF,E_I,I:L18H,6.471245807
1PPF,E_I,I:L18I,-0.73288305
1PPF,E_I,I:L18K,5.736492152
1PPF,E_I,I:L18M,1.257597584
1PPF,E_I,I:L18N,5.225428953
1PPF,E_I,I:L18P,6.147148575
1PPF,E_I,I:L18Q,3.306267038
1PPF,E_I,I:L18R,7.184541884
1PPF,E_I,I:L18S,3.092028565
1PPF,E_I,I:L18T,0.915471345
1PPF,E_I,I:L18V,-0.492664442
1PPF,E_I,I:L18W,7.544181263
1PPF,E_I,I:L18Y,6.635788529
1PPF,E_I,I:N36A,-1.64552277
1PPF,E_I,I:N36C,0.604556365
1PPF,E_I,I:N36D,-3.077951935
1PPF,E_I,I:N36E,-1.01834898
1PPF,E_I,I:N36F,1.846211711
1PPF,E_I,I:N36G,-0.571538352
1PPF,E_I,I:N36H,-0.533006226
1PPF,E_I,I:N36I,0.871506664
1PPF,E_I,I:N36K,2.62176869
1PPF,E_I,I:N36L,2.647163376
1PPF,E_I,I:N36M,1.094323726
1PPF,E_I,I:N36P,-2.959597684
1PPF,E_I,I:N36Q,0.382923497
1PPF,E_I,I:N36R,1.869755947
1PPF,E_I,I:N36S,-1.346378418
1PPF,E_I,I:N36T,0.552887918
1PPF,E_I,I:N36V,0.345822126
1PPF,E_I,I:N36W,1.727857459
1PPF,E_I,I:N36Y,1.676840417
1PPF,E_I,I:P14A,-0.12412894
1PPF,E_I,I:P14C,-2.005016479
1PPF,E_I,I:P14D,-0.492664442
1PPF,E_I,I:P14E,-1.429005402
1PPF,E_I,I:P14F,-1.856835548
1PPF,E_I,I:P14G,0.093387581
1PPF,E_I,I:P14H,-1.765508672
1PPF,E_I,I:P14I,-1.651359783
1PPF,E_I,I:P14K,-0.448699761
1PPF,E_I,I:P14L,-2.923366625
1PPF,E_I,I:P14M,-1.574452636
1PPF,E_I,I:P14N,-0.640845373
1PPF,E_I,I:P14Q,-0.811283188
1PPF,E_I,I:P14R,-0.137645541
1PPF,E_I,I:P14S,-0.571538352
1PPF,E_I,I:P14T,-0.26417794
1PPF,E_I,I:P14V,-1.525053036
1PPF,E_I,I:P14W,-2.005016479
1PPF,E_I,I:P14Y,-0.962615508
1PPF,E_I,I:R21A,0.208052563
1PPF,E_I,I:R21C,-0.081178836
1PPF,E_I,I:R21D,0.208052563
1PPF,E_I,I:R21E,0.460850242
1PPF,E_I,I:R21F,-0.981247609
1PPF,E_I,I:R21G,0.577924826
1PPF,E_I,I:R21H,-0.492664442
1PPF,E_I,I:R21I,-0.811283188
1PPF,E_I,I:R21K,0.604556365
1PPF,E_I,I:R21L,-0.858586265
1PPF,E_I,I:R21M,-0.759614741
1PPF,E_I,I:R21N,0.329477586
1PPF,E_I,I:R21P,6.705569322
1PPF,E_I,I:R21Q,-0.018343632
1PPF,E_I,I:R21S,0.419619558
1PPF,E_I,I:R21T,-0.018343632
1PPF,E_I,I:R21V,-0.349609723
1PPF,E_I,I:R21W,-0.533006226
1PPF,E_I,I:R21Y,0.220631634
1PPF,E_I,I:T17A,3.48482076
1PPF,E_I,I:T17C,2.087496839
1PPF,E_I,I:T17D,4.923678199
1PPF,E_I,I:T17E,3.041011523
1PPF,E_I,I:T17F,1.709993232
1PPF,E_I,I:T17G,3.599848876
1PPF,E_I,I:T17H,1.693648692
1PPF,E_I,I:T17I,1.493475864
1PPF,E_I,I:T17K,3.388773126
1PPF,E_I,I:T17L,2.279642451
1PPF,E_I,I:T17M,2.502400247
1PPF,E_I,I:T17N,2.698713439
1PPF,E_I,I:T17P,3.074164338
1PPF,E_I,I:T17Q,1.968727471
1PPF,E_I,I:T17R,3.451667945
1PPF,E_I,I:T17S,1.504980148
1PPF,E_I,I:T17V,1.481743758
1PPF,E_I,I:T17W,2.195335987
1PPF,E_I,I:T17Y,2.480854164
1PPF,E_I,I:Y20A,3.210382817
1PPF,E_I,I:Y20C,3.451667945
1PPF,E_I,I:Y20D,6.419517964
1PPF,E_I,I:Y20E,6.419517964
1PPF,E_I,I:Y20F,0.482040605
1PPF,E_I,I:Y20G,4.185900899
1PPF,E_I,I:Y20H,2.378732489
1PPF,E_I,I:Y20I,3.931631388
1PPF,E_I,I:Y20K,4.494068917
1PPF,E_I,I:Y20L,1.374910711
1PPF,E_I,I:Y20M,2.812399648
1PPF,E_I,I:Y20N,3.643813557
1PPF,E_I,I:Y20P,5.367161057
1PPF,E_I,I:Y20Q,4.697069683
1PPF,E_I,I:Y20R,4.372321046
1PPF,E_I,I:Y20S,3.643813557
1PPF,E_I,I:Y20T,5.055346858
1PPF,E_I,I:Y20V,4.185900899
1PPF,E_I,I:Y20W,0.235382238
1R0R,E_I,I:A10C,-0.483467667
1R0R,E_I,I:A10D,5.228434951
1R0R,E_I,I:A10E,4.577856073
1R0R,E_I,I:A10F,-2.242999458
1R0R,E_I,I:A10G,1.111736561
1R0R,E_I,I:A10H,1.774827528
1R0R,E_I,I:A10I,-1.7995166
1R0R,E_I,I:A10K,3.072984237
1R0R,E_I,I:A10L,-1.755011233
1R0R,E_I,I:A10M,-1.739622005
1R0R,E_I,I:A10N,2.09533141
1R0R,E_I,I:A10P,3.345353626
1R0R,E_I,I:A10Q,1.810981734
1R0R,E_I,I:A10R,5.530481857
1R0R,E_I,I:A10S,1.741674713
1R0R,E_I,I:A10T,1.268123472
1R0R,E_I,I:A10V,-0.953514684
1R0R,E_I,I:A10W,0.207065792
1R0R,E_I,I:A10Y,-0.838486568
1R0R,E_I,I:E14A,2.089436316
1R0R,E_I,I:E14C,2.371582201
1R0R,E_I,I:E14D,0.258734239
1R0R,E_I,I:E14F,3.618090896
1R0R,E_I,I:E14G,2.711997673
1R0R,E_I,I:E14H,1.70881313
1R0R,E_I,I:E14I,0.736997316
1R0R,E_I,I:E14K,2.711997673
1R0R,E_I,I:E14L,0.569649219
1R0R,E_I,I:E14M,1.571236898
1R0R,E_I,I:E14N,2.118342146
1R0R,E_I,I:E14P,3.76448388
1R0R,E_I,I:E14Q,1.282174375
1R0R,E_I,I:E14R,2.09533141
1R0R,E_I,I:E14S,3.17515284
1R0R,E_I,I:E14T,4.252276033
1R0R,E_I,I:E14V,0.094771374
1R0R,E_I,I:E14W,1.849513861
1R0R,E_I,I:E14Y,1.889855644
1R0R,E_I,I:K8A,-0.610000066
1R0R,E_I,I:K8C,-0.615669506
1R0R,E_I,I:K8D,-0.593310174
1R0R,E_I,I:K8E,-0.110439888
1R0R,E_I,I:K8F,-0.794521887
1R0R,E_I,I:K8G,-0.838486568
1R0R,E_I,I:K8H,-0.593310174
1R0R,E_I,I:K8I,1.123952498
1R0R,E_I,I:K8L,-0.328029438
1R0R,E_I,I:K8M,-0.561277942
1R0R,E_I,I:K8N,-0.390840127
1R0R,E_I,I:K8P,1.347826567
1R0R,E_I,I:K8Q,-0.530889128
1R0R,E_I,I:K8R,0.136218479
1R0R,E_I,I:K8S,-0.307360412
1R0R,E_I,I:K8T,0.889748683
1R0R,E_I,I:K8V,0.410656422
1R0R,E_I,I:K8W,-1.105436867
1R0R,E_I,I:K8Y,-0.695431849
1R0R,E_I,I:L13A,0.314608788
1R0R,E_I,I:L13C,-1.346306879
1R0R,E_I,I:L13D,4.539323946
1R0R,E_I,I:L13E,2.177368043
1R0R,E_I,I:L13F,0.617011414
1R0R,E_I,I:L13G,2.352891313
1R0R,E_I,I:L13H,0.569649219
1R0R,E_I,I:L13I,3.25402675
1R0R,E_I,I:L13K,3.345353626
1R0R,E_I,I:L13M,-0.51625994
1R0R,E_I,I:L13N,1.500389585
1R0R,E_I,I:L13P,7.687726778
1R0R,E_I,I:L13Q,0.569649219
1R0R,E_I,I:L13R,2.935408004
1R0R,E_I,I:L13S,1.571236898
1R0R,E_I,I:L13T,0.159762715
1R0R,E_I,I:L13V,2.156578121
1R0R,E_I,I:L13W,1.523933821
1R0R,E_I,I:L13Y,0.446810628
1R0R,E_I,I:P9A,-0.638905896
1R0R,E_I,I:P9C,-0.986667499
1R0R,E_I,I:P9D,-2.52127642
1R0R,E_I,I:P9E,-2.242999458
1R0R,E_I,I:P9F,1.382035333
1R0R,E_I,I:P9G,-0.345822126
1R0R,E_I,I:P9H,-0.216517368
1R0R,E_I,I:P9I,1.741674713
1R0R,E_I,I:P9K,0.344642024
1R0R,E_I,I:P9L,1.184253858
1R0R,E_I,I:P9M,-0.033152815
1R0R,E_I,I:P9N,-0.917360478
1R0R,E_I,I:P9Q,-1.414623019
1R0R,E_I,I:P9R,1.102406416
1R0R,E_I,I:P9S,0.136218479
1R0R,E_I,I:P9T,1.197749931
1R0R,E_I,I:P9V,1.331018291
1R0R,E_I,I:P9W,0.485342755
1R0R,E_I,I:P9Y,0.85746705
1R0R,E_I,I:R16A,-0.096047634
1R0R,E_I,I:R16C,0.115028116
1R0R,E_I,I:R16D,-0.179917248
1R0R,E_I,I:R16E,0.344642024
1R0R,E_I,I:R16F,0.446810628
1R0R,E_I,I:R16G,2.089436316
1R0R,E_I,I:R16H,0.525684538
1R0R,E_I,I:R16I,0.207065792
1R0R,E_I,I:R16K,-0.096047634
1R0R,E_I,I:R16L,0.2321027
1R0R,E_I,I:R16M,0.446810628
1R0R,E_I,I:R16N,-0.050451912
1R0R,E_I,I:R16P,7.39050475
1R0R,E_I,I:R16Q,0.182406949
1R0R,E_I,I:R16S,-0.01634454
1R0R,E_I,I:R16T,0.344642024
1R0R,E_I,I:R16V,0.115028116
1R0R,E_I,I:R16W,0.945398776
1R0R,E_I,I:R16Y,0.823324568
1R0R,E_I,I:T12A,1.173231177
1R0R,E_I,I:T12C,0.813196937
1R0R,E_I,I:T12D,2.888104927
1R0R,E_I,I:T12E,3.213684967
1R0R,E_I,I:T12F,-0.066014398
1R0R,E_I,I:T12G,3.138998634
1R0R,E_I,I:T12H,0.525684538
1R0R,E_I,I:T12I,0.258734239
1R0R,E_I,I:T12K,1.933820325
1R0R,E_I,I:T12L,0.668739257
1R0R,E_I,I:T12M,1.331018291
1R0R,E_I,I:T12N,0.017864227
1R0R,E_I,I:T12P,4.949980368
1R0R,E_I,I:T12Q,2.221638156
1R0R,E_I,I:T12R,3.345353626
1R0R,E_I,I:T12S,0.889748683
1R0R,E_I,I:T12V,0.937170144
1R0R,E_I,I:T12W,2.935408004
1R0R,E_I,I:T12Y,-0.878828351
1R0R,E_I,I:Y15A,5.474548652
1R0R,E_I,I:Y15C,3.25402675
1R0R,E_I,I:Y15D,5.771293213
1R0R,E_I,I:Y15E,4.618197856
1R0R,E_I,I:Y15F,0.617011414
1R0R,E_I,I:Y15G,6.402083201
1R0R,E_I,I:Y15H,3.471119594
1R0R,E_I,I:Y15I,2.864560691
1R0R,E_I,I:Y15K,5.512417897
1R0R,E_I,I:Y15L,2.575116504
1R0R,E_I,I:Y15M,3.138998634
1R0R,E_I,I:Y15N,5.61644714
1R0R,E_I,I:Y15P,6.654434355
1R0R,E_I,I:Y15Q,4.50316974
1R0R,E_I,I:Y15R,4.470016925
1R0R,E_I,I:Y15S,5.162713328
1R0R,E_I,I:Y15T,5.474548652
1R0R,E_I,I:Y15V,3.510074128
1R0R,E_I,I:Y15W,-0.364165758
1S0W,A_C,C:A142F,-2.102992138
1S1Q,A_B,A:D44A,0.965521137
1S1Q,A_B,A:F42A,0.199343644
1S1Q,A_B,A:F86A,0.775250441
1S1Q,A_B,A:N43A,1.231969266
1S1Q,A_B,A:V41A,0.670752703
1S1Q,A_B,A:W73A,0.280782491
1SBB,A_B,B:L20T,-0.091326876
1SBB,A_B,B:V26Y,-1.455497982
1SBB,A_B,B:Y91V,0.079110938
1SBN,E_I,I:R38K,-0.309999401
1SGD,E_I,I:D13L,-5.66865879
1SGE,E_I,I:E13L,-5.982758221
1SGN,E_I,I:N13L,-3.399816916
1SGP,E_I,I:A13L,-2.989160494
1SGQ,E_I,I:G13L,-5.003495829
1SGY,E_I,I:Y13L,-1.67600643
1SMF,E_I,I:E8A,1.012809328
1SMF,E_I,I:I5A,3.511419082
1SMF,E_I,I:S4A,1.899971617
1SMF,E_I,I:T2A,2.046051766
1TM1,E_I,I:E41A,2.924655405
1TM1,E_I,I:E41S,2.747768608
1TM1,E_I,I:M40A,1.027667836
1TM1,E_I,I:M40F,1.027667836
1TM1,E_I,I:M40G,2.232905411
1TM1,E_I,I:M40K,1.093563684
1TM1,E_I,I:M40Y,0.056466705
1TM1,E_I,I:R43A,1.256154338
1TM1,E_I,I:R48A,2.92343887
1TM1,E_I,I:R48C,3.235801465
1TM1,E_I,I:T39A,2.572395949
1TM1,E_I,I:T39D,2.099073717
1TM1,E_I,I:T39P,3.756010048
1TM1,E_I,I:Y42A,2.179529609
1TM1,E_I,I:Y42G,4.680967302
1TM3,E_I,I:K40M,-1.093563684
1TM4,E_I,I:G40M,-2.232905411
1TM5,E_I,I:A40M,-1.027667836
1TM7,E_I,I:Y40M,-0.056466705
1TMG,E_I,I:F40M,-1.027667836
1TO1,E_I,I:A42Y,-2.981582267
1UUZ,A_D,A:C64A,0.65087503
1UUZ,A_D,A:H62A,1.774827528
1UUZ,A_D,A:H62D,3.379217242
1UUZ,A_D,A:H62N,1.519609335
1UUZ,A_D,A:H62Q,1.519609335
1X1X,A_D,D:A76E,-0.823552741
1XD3,A_B,B:D39A,-0.410656422
1XD3,A_B,B:H68N,0
1XD3,A_B,B:I44A,0.265981448
1XD3,A_B,B:K11R,1.402407081
1XD3,A_B,B:K27A,-0.062421047
1XD3,A_B,B:K27R,0.265981448
1XD3,A_B,B:K6A,1.344086065
1XD3,A_B,B:K6R,0.302639654
1XD3,A_B,B:L8A,2.676792149
1XD3,A_B,B:R42L,-0.862187808
1XD3,A_B,B:R72L,1.30175006
1XD3,A_B,B:R74L,2.377732276
1Y1K,E_I,I:A39T,-2.728342212
1Y33,E_I,I:P39T,-3.756010048
1Y34,E_I,I:A41E,-3.054218256
1Y3B,E_I,I:S41E,-2.747768608
1Z7X,W_X,W:D435A,3.662430501
1Z7X,W_X,W:E287A,1.321324587
1Z7X,W_X,W:E401A,1.306325001
1Z7X,W_X,W:I459A,0.337421089
1Z7X,W_X,W:K320A,1.321324587
1Z7X,W_X,W:R457A,0.848247118
1Z7X,W_X,W:S289A,0.814383502
1Z7X,W_X,W:W261A,1.335953774
1Z7X,W_X,W:W263A,2.212418224
1Z7X,W_X,W:W318A,0.993470405
1Z7X,W_X,W:W375A,1.669559962
1Z7X,W_X,W:Y434A,5.955931219
1Z7X,W_X,W:Y434F,0.120622605
1Z7X,W_X,W:Y437A,2.624135438
1Z7X,W_X,W:Y437F,2.166057555
2A9K,A_B,B:G55D,2.31768579
2AJF,A_E,E:N151K,2.012603031
2AJF,A_E,E:T159S,1.823934487
2B0Z,A_B,B:I87F,-2.528998568
2B10,A_B,B:S87F,-1.164827462
2B11,A_B,B:W87F,-0.75417104
2B12,A_B,B:Y87F,-1.575483884
2B42,A_B,A:H357A,1.638458366
2B42,A_B,A:H357K,2.567787978
2B42,A_B,A:H357Q,1.076115622
2BTF,A_P,P:F59A,1.595740626
2BTF,A_P,P:G120F,1.720931118
2BTF,A_P,P:K125A,0.460056022
2BTF,A_P,P:V60E,0.978729212
2FTL,E_I,I:G12A,4.392778412
2FTL,E_I,I:G36A,2.21438978
2FTL,E_I,I:I18A,5.021842931
2FTL,E_I,I:K15A,10.15919781
2FTL,E_I,I:K15D,11.50271777
2FTL,E_I,I:K15E,9.424007251
2FTL,E_I,I:K15F,7.027210522
2FTL,E_I,I:K15G,12.35222629
2FTL,E_I,I:K15H,8.781781309
2FTL,E_I,I:K15I,11.17145168
2FTL,E_I,I:K15L,8.864103377
2FTL,E_I,I:K15M,7.692373484
2FTL,E_I,I:K15N,8.033104453
2FTL,E_I,I:K15Q,9.370644021
2FTL,E_I,I:K15S,7.723918302
2FTL,E_I,I:K15T,10.5974838
2FTL,E_I,I:K15V,11.75644364
2FTL,E_I,I:K15W,8.664118898
2FTL,E_I,I:K15Y,6.857009736
2G2U,A_B,A:D79K,-0.452887112
2G2U,A_B,B:E31A,0.65087503
2G2U,A_B,B:E73A,-1.979437447
2G2U,A_B,B:E73M,-3.536034871
2G2U,A_B,B:F142A,0.275827297
2G2U,A_B,B:F36A,2.763950901
2G2U,A_B,B:G141A,-0.413810566
2G2U,A_B,B:G48A,-0.426597796
2G2U,A_B,B:H148A,1.118950652
2G2U,A_B,B:H41A,1.717048637
2G2U,A_B,B:K74A,-0.217335214
2G2U,A_B,B:R144A,-0.342392195
2G2U,A_B,B:R160A,0.669793827
2G2U,A_B,B:S113A,-0.612311462
2G2U,A_B,B:S35A,-0.950898998
2G2U,A_B,B:S39A,-0.95614197
2G2U,A_B,B:S71A,-0.512207359
2G2U,A_B,B:W112A,0.958734559
2G2U,A_B,B:W150A,1.785221689
2G2U,A_B,B:W162A,0.531210037
2G2U,A_B,B:Y143A,-1.847235607
2G2U,A_B,B:Y50A,-2.075722109
2G2U,A_B,B:Y51A,-0.628748763
2G2U,A_B,B:Y53A,2.301744416
2G2W,A_B,A:K79D,0.452887112
2GOX,A_B,B:N38A,1.569529543
2GOX,A_B,B:R31A,2.246740107
2HLE,A_B,A:K141Q,-0.410656422
2HLE,A_B,A:L87R,2.287296976
2HRK,A_B,A:K140A,0.953514684
2HRK,A_B,A:T108V,0.721069691
2HRK,A_B,B:T55V,0.62420066
2I26,N_L,N:A29V,0.030388814
2I9B,A_E,E:K131A,0.67427833
2I9B,A_E,E:R129A,-0.287640069
2J0T,A_D,D:C70S,4.308546854
2J0T,A_D,D:M66A,1.642625689
2J0T,A_D,D:S68A,2.106373012
2J0T,A_D,D:S68E,2.18548395
2J0T,A_D,D:S68R,2.83635898
2J0T,A_D,D:S68Y,2.978353638
2J0T,A_D,D:T2A,4.289029024
2J0T,A_D,D:T2L,2.682153742
2J0T,A_D,D:T2R,5.046028002
2J0T,A_D,D:T2S,1.594432303
2J0T,A_D,D:V4A,0
2J0T,A_D,D:V4I,1.642625689
2J0T,A_D,D:V4K,1.82452328
2J0T,A_D,D:V4S,0.982420513
2J0T,A_D,D:V69I,0.79092403
2J0T,A_D,D:V69T,-0.075735135
2J1K,C_T,C:G10D,0.183751903
2J1K,C_T,C:R24A,0.764846139
2NU0,E_I,I:W13L,-1.865207995
2NU1,E_I,I:H13L,-1.713875675
2NU2,E_I,I:R13L,-3.366955333
2NU4,E_I,I:K13L,-3.182076024
2O3B,A_B,B:D75E,5.437874845
2O3B,A_B,B:D75N,5.903258024
2O3B,A_B,B:E24A,5.474915155
2O3B,A_B,B:E24D,0.599324967
2O3B,A_B,B:E24Q,5.398363408
2O3B,A_B,B:Q74A,3.232964499
2O3B,A_B,B:W76A,4.073703739
2OOB,A_B,A:G13S,0.235363947
2PCB,A_B,A:A193F,0.73367727
2PCB,A_B,A:D34N,0.821312844
2PCB,A_B,A:E290N,0.871008596
2PCB,A_B,A:E32Q,0.60575308
2PCB,A_B,A:E35Q,0.676007267
2PCC,A_B,B:A86G,1.901855082
2PCC,A_B,A:D34A,-0.897047979
2PCC,A_B,A:E290A,6.202554775
2PCC,A_B,B:K77A,0.303669111
2PCC,A_B,B:K92A,0.901870945
2PCC,A_B,A:V197A,2.10268171
2SGP,E_I,I:P13L,-8.445844918
2SGQ,E_I,I:Q13L,-2.603540979
2SIC,E_I,I:M67A,0.217859275
2SIC,E_I,I:M67D,0.751532051
2SIC,E_I,I:M67E,0.796098316
2SIC,E_I,I:M67G,0.145223287
2SIC,E_I,I:M67H,0.217859275
2SIC,E_I,I:M67I,1.604389714
2SIC,E_I,I:M67K,0
2SIC,E_I,I:M67L,-0.240218608
2SIC,E_I,I:M67R,0
2SIC,E_I,I:M67V,0.713296076
2VLN,A_B,B:A75N,-2.335586003
2VLO,A_B,B:A95K,-1.96051476
2VLQ,A_B,B:A86F,-3.880681073
2WPT,A_B,A:D30A,-0.13220184
2WPT,A_B,A:D30L,-3.403402314
2WPT,A_B,A:E27A,1.733952565
2WPT,A_B,A:E38A,4.50316974
2WPT,A_B,B:F79A,1.170180844
2WPT,A_B,B:K90A,0.497408357
2WPT,A_B,A:N31A,-0.379872772
2WPT,A_B,A:N31V,-0.897047979
2WPT,A_B,B:N65A,0.917825329
2WPT,A_B,B:N68A,1.237638707
2WPT,A_B,A:P53A,2.927685856
2WPT,A_B,B:Q85A,0.900138882
2WPT,A_B,A:R35A,-1.110931052
2WPT,A_B,A:R35T,-1.038295063
2WPT,A_B,B:R47A,1.134342697
2WPT,A_B,A:S47A,2.425702558
2WPT,A_B,B:S67A,-0.84930791
2WPT,A_B,B:S70A,-0.611642978
2WPT,A_B,B:S71A,-0.149543136
2WPT,A_B,B:S77A,-0.093609931
2WPT,A_B,B:T80A,0.526220451
2WPT,A_B,A:V34A,3.80930006
2WPT,A_B,B:V91A,0.119301909
3BK3,A_C,C:A37R,1.382728166
3BK3,A_C,C:I19A,0.486391557
3BK3,A_C,C:I19R,0.42397051
3BK3,A_C,C:I22A,1.307704401
3BK3,A_C,C:I22R,2.121564921
3BK3,A_C,C:I28A,1.261515931
3BK3,A_C,C:I28R,1.175502561
3BK3,A_C,C:I3A,1.038654016
3BK3,A_C,C:I3R,0.65087503
3BK3,A_C,C:L2A,0
3BK3,A_C,C:L2R,0.026335535
3BK3,A_C,C:T4P,0.486391557
3BK3,A_C,C:T6P,1.743019667
3BP8,A_C,C:A51F,0.615494251
3BP8,A_C,A:F115A,0.708987316
3BTD,E_I,I:D13K,-11.50271777
3BTE,E_I,I:E13K,-9.424007251
3BTF,E_I,I:F13K,-7.027210522
3BTG,E_I,I:G13K,-12.35222629
3BTH,E_I,I:H13K,-8.781781309
3BTM,E_I,I:M13K,-7.692373484
3BTQ,E_I,I:Q13K,-9.370644021
3BTT,E_I,I:T13K,-10.5974838
3BTW,E_I,I:W13K,-8.664118898
3D5R,A_C,C:A38N,-1.569529543
3D5S,A_C,C:A31R,-2.246740107
3SGB,E_I,I:A9C,0.041536552
3SGB,E_I,I:A9D,0.476378045
3SGB,E_I,I:A9E,0.671474704
3SGB,E_I,I:A9F,-1.180639897
3SGB,E_I,I:A9G,2.486466395
3SGB,E_I,I:A9H,-0.453188595
3SGB,E_I,I:A9I,-0.453188595
3SGB,E_I,I:A9K,2.491424181
3SGB,E_I,I:A9L,0.168780605
3SGB,E_I,I:A9M,0.088958013
3SGB,E_I,I:A9N,-0.08912445
3SGB,E_I,I:A9P,0.552705336
3SGB,E_I,I:A9Q,0.430189575
3SGB,E_I,I:A9R,2.03564581
3SGB,E_I,I:A9S,0.910982511
3SGB,E_I,I:A9T,0.331072468
3SGB,E_I,I:A9V,-0.784734079
3SGB,E_I,I:A9W,-1.553667676
3SGB,E_I,I:A9Y,-1.647277607
3SGB,E_I,I:E13A,1.019236307
3SGB,E_I,I:E13C,1.174674536
3SGB,E_I,I:E13D,0.552705336
3SGB,E_I,I:E13F,1.943608133
3SGB,E_I,I:E13G,2.104952831
3SGB,E_I,I:E13H,0.526073797
3SGB,E_I,I:E13I,-0.623389381
3SGB,E_I,I:E13K,0.168780605
3SGB,E_I,I:E13L,0.779313851
3SGB,E_I,I:E13M,-0.18949657
3SGB,E_I,I:E13N,1.102038547
3SGB,E_I,I:E13P,2.275153617
3SGB,E_I,I:E13Q,0.183531209
3SGB,E_I,I:E13R,1.275046656
3SGB,E_I,I:E13S,1.943608133
3SGB,E_I,I:E13T,2.143484958
3SGB,E_I,I:E13V,0.127549921
3SGB,E_I,I:E13W,1.547702315
3SGB,E_I,I:E13Y,0.779313851
3SGB,E_I,I:G26A,1.222796709
3SGB,E_I,I:G26C,2.611656887
3SGB,E_I,I:G26D,1.624989388
3SGB,E_I,I:G26E,1.972750991
3SGB,E_I,I:G26F,3.022313309
3SGB,E_I,I:G26H,2.738189286
3SGB,E_I,I:G26I,4.092513318
3SGB,E_I,I:G26K,2.52501345
3SGB,E_I,I:G26L,2.658147551
3SGB,E_I,I:G26M,2.805795941
3SGB,E_I,I:G26N,2.275153617
3SGB,E_I,I:G26P,1.096864261
3SGB,E_I,I:G26Q,2.956298911
3SGB,E_I,I:G26R,3.507656064
3SGB,E_I,I:G26S,1.60769029
3SGB,E_I,I:G26T,3.040177536
3SGB,E_I,I:G26V,2.728342212
3SGB,E_I,I:G26W,3.912061992
3SGB,E_I,I:G26Y,3.096110741
3SGB,E_I,I:K7A,-2.572140678
3SGB,E_I,I:K7C,-0.584857255
3SGB,E_I,I:K7D,-0.623389381
3SGB,E_I,I:K7E,0.032206406
3SGB,E_I,I:K7F,-0.725557985
3SGB,E_I,I:K7G,-0.725557985
3SGB,E_I,I:K7H,-0.401460752
3SGB,E_I,I:K7I,-1.344637953
3SGB,E_I,I:K7L,-1.817359701
3SGB,E_I,I:K7M,-1.166247643
3SGB,E_I,I:K7N,-0.659543587
3SGB,E_I,I:K7P,0
3SGB,E_I,I:K7Q,-0.623389381
3SGB,E_I,I:K7R,-0.692696402
3SGB,E_I,I:K7S,-2.587596824
3SGB,E_I,I:K7T,-1.949028361
3SGB,E_I,I:K7V,-0.955171893
3SGB,E_I,I:K7W,-0.013389315
3SGB,E_I,I:K7Y,-0.584857255
3SGB,E_I,I:L12A,2.989160494
3SGB,E_I,I:L12C,-0.013389315
3SGB,E_I,I:L12D,5.66865879
3SGB,E_I,I:L12E,5.982758221
3SGB,E_I,I:L12F,1.37401818
3SGB,E_I,I:L12G,5.003495829
3SGB,E_I,I:L12H,1.713875675
3SGB,E_I,I:L12I,4.481255789
3SGB,E_I,I:L12K,3.182076024
3SGB,E_I,I:L12M,0.430189575
3SGB,E_I,I:L12N,3.399816916
3SGB,E_I,I:L12P,8.445844918
3SGB,E_I,I:L12Q,2.603540979
3SGB,E_I,I:L12R,3.366955333
3SGB,E_I,I:L12S,4.158234941
3SGB,E_I,I:L12T,3.204720258
3SGB,E_I,I:L12V,3.040177536
3SGB,E_I,I:L12W,1.865207995
3SGB,E_I,I:L12Y,1.67600643
3SGB,E_I,I:N30A,0.331072468
3SGB,E_I,I:N30C,0.349704569
3SGB,E_I,I:N30D,0.910982511
3SGB,E_I,I:N30E,0.962710354
3SGB,E_I,I:N30F,-0.141374397
3SGB,E_I,I:N30G,0.311835324
3SGB,E_I,I:N30H,-0.124801233
3SGB,E_I,I:N30I,0.197923463
3SGB,E_I,I:N30K,0.579437027
3SGB,E_I,I:N30L,0.740781725
3SGB,E_I,I:N30M,0.140745388
3SGB,E_I,I:N30P,0.579437027
3SGB,E_I,I:N30Q,0.243519184
3SGB,E_I,I:N30R,0.579437027
3SGB,E_I,I:N30S,0.408999213
3SGB,E_I,I:N30T,0.009847074
3SGB,E_I,I:N30V,-0.241875817
3SGB,E_I,I:N30W,0.526073797
3SGB,E_I,I:N30Y,-0.108679096
3SGB,E_I,I:P8A,-0.18949657
3SGB,E_I,I:P8C,-0.327422628
3SGB,E_I,I:P8D,-1.033098638
3SGB,E_I,I:P8E,-0.623389381
3SGB,E_I,I:P8F,-0.344934799
3SGB,E_I,I:P8G,0.053752489
3SGB,E_I,I:P8H,0.277626557
3SGB,E_I,I:P8I,-0.023633697
3SGB,E_I,I:P8K,0.114053848
3SGB,E_I,I:P8L,-0.141374397
3SGB,E_I,I:P8M,-0.50055079
3SGB,E_I,I:P8N,-0.124801233
3SGB,E_I,I:P8Q,-0.316028969
3SGB,E_I,I:P8R,0.311835324
3SGB,E_I,I:P8S,0.065721623
3SGB,E_I,I:P8T,-0.108679096
3SGB,E_I,I:P8V,-0.310413269
3SGB,E_I,I:P8W,-0.50055079
3SGB,E_I,I:P8Y,-0.401460752
3SGB,E_I,I:R15A,0.053752489
3SGB,E_I,I:R15C,0.552705336
3SGB,E_I,I:R15D,0.638613121
3SGB,E_I,I:R15E,0.671474704
3SGB,E_I,I:R15F,0.227956699
3SGB,E_I,I:R15G,1.107168034
3SGB,E_I,I:R15H,0.453733812
3SGB,E_I,I:R15I,0.243519184
3SGB,E_I,I:R15K,-0.277792995
3SGB,E_I,I:R15L,0.227956699
3SGB,E_I,I:R15M,0.127549921
3SGB,E_I,I:R15N,0.331072468
3SGB,E_I,I:R15P,7.684475846
3SGB,E_I,I:R15Q,0.041536552
3SGB,E_I,I:R15S,0.277626557
3SGB,E_I,I:R15T,0.453733812
3SGB,E_I,I:R15V,-0.023633697
3SGB,E_I,I:R15W,0.311835324
3SGB,E_I,I:R15Y,0.293971097
3SGB,E_I,I:T11A,3.591962528
3SGB,E_I,I:T11C,2.926265675
3SGB,E_I,I:T11D,4.956133634
3SGB,E_I,I:T11E,4.797140837
3SGB,E_I,I:T11F,3.639324723
3SGB,E_I,I:T11G,5.584234346
3SGB,E_I,I:T11H,3.507656064
3SGB,E_I,I:T11I,1.752913577
3SGB,E_I,I:T11K,2.03564581
3SGB,E_I,I:T11L,2.47133914
3SGB,E_I,I:T11M,2.03564581
3SGB,E_I,I:T11N,3.254416009
3SGB,E_I,I:T11P,3.182076024
3SGB,E_I,I:T11Q,2.940316578
3SGB,E_I,I:T11R,1.972750991
3SGB,E_I,I:T11S,2.466209653
3SGB,E_I,I:T11V,2.547890886
3SGB,E_I,I:T11W,3.040177536
3SGB,E_I,I:T11Y,3.366955333
3SGB,E_I,I:Y14A,1.943608133
3SGB,E_I,I:Y14C,1.695243574
3SGB,E_I,I:Y14D,2.911873421
3SGB,E_I,I:Y14E,2.03564581
3SGB,E_I,I:Y14F,0.168780605
3SGB,E_I,I:Y14G,2.842396061
3SGB,E_I,I:Y14H,1.713875675
3SGB,E_I,I:Y14I,3.591962528
3SGB,E_I,I:Y14K,3.432969731
3SGB,E_I,I:Y14L,1.576145472
3SGB,E_I,I:Y14M,2.002784227
3SGB,E_I,I:Y14N,3.158531788
3SGB,E_I,I:Y14P,6.276340059
3SGB,E_I,I:Y14Q,3.281047548
3SGB,E_I,I:Y14R,2.760548618
3SGB,E_I,I:Y14S,2.03564581
3SGB,E_I,I:Y14T,4.87182717
3SGB,E_I,I:Y14V,4.421689938
3SGB,E_I,I:Y14W,0.388742471
4CPA,A_I,I:P35G,2.596140373
4CPA,A_I,I:V37A,2.325532951
4CPA,A_I,I:V37F,0
4CPA,A_I,I:V37G,3.734722058
4CPA,A_I,I:V37I,0.199343644
4CPA,A_I,I:V37L,1.279390727
4CPA,A_I,I:Y36F,0
4CPA,A_I,I:Y36G,0.501983298
